{"bigLevelID":1,"levelID":1,"gridPoints":[{"canBuild":false,"isMonsterPoint":false,"hasItem":false,"itemID":0},{"canBuild":false,"isMonsterPoint":false,"hasItem":false,"itemID":0},{"canBuild":true,"isMonsterPoint":false,"hasItem":false,"itemID":0},{"canBuild":true,"isMonsterPoint":false,"hasItem":false,"itemID":0},{"canBuild":true,"isMonsterPoint":false,"hasItem":false,"itemID":0},{"canBuild":true,"isMonsterPoint":false,"hasItem":false,"itemID":0},{"canBuild":true,"isMonsterPoint":false,"hasItem":false,"itemID":0},{"canBuild":false,"isMonsterPoint":false,"hasItem":false,"itemID":0},{"canBuild":false,"isMonsterPoint":false,"hasItem":false,"itemID":0},{"canBuild":true,"isMonsterPoint":false,"hasItem":false,"itemID":0},{"canBuild":false,"isMonsterPoint":true,"hasItem":false,"itemID":0},{"canBuild":false,"isMonsterPoint":false,"hasItem":false,"itemID":0},{"canBuild":false,"isMonsterPoint":false,"hasItem":false,"itemID":0},{"canBuild":false,"isMonsterPoint":true,"hasItem":false,"itemID":0},{"canBuild":true,"isMonsterPoint":false,"hasItem":false,"itemID":0},{"canBuild":false,"isMonsterPoint":false,"hasItem":false,"itemID":0},{"canBuild":false,"isMonsterPoint":false,"hasItem":false,"itemID":0},{"canBuild":true,"isMonsterPoint":false,"hasItem":false,"itemID":0},{"canBuild":false,"isMonsterPoint":false,"hasItem":false,"itemID":0},{"canBuild":true,"isMonsterPoint":false,"hasItem":true,"itemID":9},{"canBuild":true,"isMonsterPoint":false,"hasItem":false,"itemID":0},{"canBuild":true,"isMonsterPoint":false,"hasItem":false,"itemID":0},{"canBuild":true,"isMonsterPoint":false,"hasItem":true,"itemID":3},{"canBuild":false,"isMonsterPoint":false,"hasItem":false,"itemID":0},{"canBuild":true,"isMonsterPoint":false,"hasItem":false,"itemID":0},{"canBuild":true,"isMonsterPoint":false,"hasItem":false,"itemID":0},{"canBuild":false,"isMonsterPoint":false,"hasItem":false,"itemID":0},{"canBuild":true,"isMonsterPoint":false,"hasItem":false,"itemID":0},{"canBuild":true,"isMonsterPoint":false,"hasItem":false,"itemID":0},{"canBuild":true,"isMonsterPoint":false,"hasItem":false,"itemID":0},{"canBuild":true,"isMonsterPoint":false,"hasItem":false,"itemID":0},{"canBuild":false,"isMonsterPoint":false,"hasItem":false,"itemID":0},{"canBuild":true,"isMonsterPoint":false,"hasItem":false,"itemID":0},{"canBuild":true,"isMonsterPoint":false,"hasItem":false,"itemID":0},{"canBuild":false,"isMonsterPoint":true,"hasItem":false,"itemID":0},{"canBuild":false,"isMonsterPoint":true,"hasItem":false,"itemID":0},{"canBuild":true,"isMonsterPoint":false,"hasItem":true,"itemID":6},{"canBuild":true,"isMonsterPoint":false,"hasItem":false,"itemID":0},{"canBuild":true,"isMonsterPoint":false,"hasItem":false,"itemID":0},{"canBuild":false,"isMonsterPoint":false,"hasItem":false,"itemID":0},{"canBuild":true,"isMonsterPoint":false,"hasItem":false,"itemID":0},{"canBuild":true,"isMonsterPoint":false,"hasItem":true,"itemID":4},{"canBuild":true,"isMonsterPoint":false,"hasItem":false,"itemID":0},{"canBuild":false,"isMonsterPoint":false,"hasItem":false,"itemID":0},{"canBuild":true,"isMonsterPoint":false,"hasItem":false,"itemID":0},{"canBuild":true,"isMonsterPoint":false,"hasItem":false,"itemID":0},{"canBuild":true,"isMonsterPoint":false,"hasItem":true,"itemID":2},{"canBuild":false,"isMonsterPoint":false,"hasItem":false,"itemID":0},{"canBuild":true,"isMonsterPoint":false,"hasItem":false,"itemID":0},{"canBuild":true,"isMonsterPoint":false,"hasItem":false,"itemID":0},{"canBuild":true,"isMonsterPoint":false,"hasItem":false,"itemID":0},{"canBuild":false,"isMonsterPoint":false,"hasItem":false,"itemID":0},{"canBuild":true,"isMonsterPoint":false,"hasItem":false,"itemID":0},{"canBuild":true,"isMonsterPoint":false,"hasItem":false,"itemID":0},{"canBuild":true,"isMonsterPoint":false,"hasItem":false,"itemID":0},{"canBuild":false,"isMonsterPoint":false,"hasItem":false,"itemID":0},{"canBuild":true,"isMonsterPoint":false,"hasItem":false,"itemID":0},{"canBuild":true,"isMonsterPoint":false,"hasItem":false,"itemID":0},{"canBuild":false,"isMonsterPoint":true,"hasItem":false,"itemID":0},{"canBuild":false,"isMonsterPoint":true,"hasItem":false,"itemID":0},{"canBuild":true,"isMonsterPoint":false,"hasItem":true,"itemID":6},{"canBuild":true,"isMonsterPoint":false,"hasItem":false,"itemID":0},{"canBuild":true,"isMonsterPoint":false,"hasItem":false,"itemID":0},{"canBuild":false,"isMonsterPoint":false,"hasItem":false,"itemID":0},{"canBuild":true,"isMonsterPoint":false,"hasItem":false,"itemID":0},{"canBuild":true,"isMonsterPoint":false,"hasItem":false,"itemID":0},{"canBuild":false,"isMonsterPoint":false,"hasItem":false,"itemID":0},{"canBuild":true,"isMonsterPoint":false,"hasItem":false,"itemID":0},{"canBuild":true,"isMonsterPoint":false,"hasItem":false,"itemID":0},{"canBuild":true,"isMonsterPoint":false,"hasItem":false,"itemID":0},{"canBuild":true,"isMonsterPoint":false,"hasItem":true,"itemID":3},{"canBuild":false,"isMonsterPoint":false,"hasItem":false,"itemID":0},{"canBuild":false,"isMonsterPoint":false,"hasItem":false,"itemID":0},{"canBuild":true,"isMonsterPoint":false,"hasItem":false,"itemID":0},{"canBuild":false,"isMonsterPoint":false,"hasItem":false,"itemID":0},{"canBuild":true,"isMonsterPoint":false,"hasItem":true,"itemID":9},{"canBuild":true,"isMonsterPoint":false,"hasItem":false,"itemID":0},{"canBuild":true,"isMonsterPoint":false,"hasItem":false,"itemID":0},{"canBuild":true,"isMonsterPoint":false,"hasItem":false,"itemID":0},{"canBuild":false,"isMonsterPoint":false,"hasItem":false,"itemID":0},{"canBuild":false,"isMonsterPoint":false,"hasItem":false,"itemID":0},{"canBuild":true,"isMonsterPoint":false,"hasItem":false,"itemID":0},{"canBuild":false,"isMonsterPoint":true,"hasItem":false,"itemID":0},{"canBuild":false,"isMonsterPoint":false,"hasItem":false,"itemID":0},{"canBuild":false,"isMonsterPoint":false,"hasItem":false,"itemID":0},{"canBuild":false,"isMonsterPoint":true,"hasItem":false,"itemID":0},{"canBuild":true,"isMonsterPoint":false,"hasItem":false,"itemID":0},{"canBuild":false,"isMonsterPoint":false,"hasItem":false,"itemID":0},{"canBuild":false,"isMonsterPoint":false,"hasItem":false,"itemID":0},{"canBuild":false,"isMonsterPoint":false,"hasItem":false,"itemID":0},{"canBuild":true,"isMonsterPoint":false,"hasItem":false,"itemID":0},{"canBuild":true,"isMonsterPoint":false,"hasItem":false,"itemID":0},{"canBuild":true,"isMonsterPoint":false,"hasItem":false,"itemID":0},{"canBuild":true,"isMonsterPoint":false,"hasItem":false,"itemID":0},{"canBuild":true,"isMonsterPoint":false,"hasItem":false,"itemID":0},{"canBuild":false,"isMonsterPoint":false,"hasItem":false,"itemID":0}],"monsterPath":[{"xIndex":1,"yIndex":5},{"xIndex":1,"yIndex":2},{"xIndex":4,"yIndex":2},{"xIndex":4,"yIndex":3},{"xIndex":7,"yIndex":3},{"xIndex":7,"yIndex":2},{"xIndex":10,"yIndex":2},{"xIndex":10,"yIndex":5}],"roundInfo":[{"mMonsterIDList":[1,1,1,1,1]},{"mMonsterIDList":[1,1,2,2,2,2,2,3,3]},{"mMonsterIDList":[1,1,2,2,2,2,2,3,3,3,3]},{"mMonsterIDList":[2,3,2,3,2,3,2,4,4,4,4,4]},{"mMonsterIDList":[4,4,4,4,4,4,3,3,3,3,3,3]},{"mMonsterIDList":[5,5,5,5,5,4,4,4,4,6]},{"mMonsterIDList":[6,6,6,6,6,7,7,7,7,7]},{"mMonsterIDList":[7,7,8,8,8,9,9,10,10]},{"mMonsterIDList":[10,10,10,11,11,9,9,9,9,8,8,8,8]},{"mMonsterIDList":[12,12,12]}]}