{"bigLevelID":1,"levelID":5,"gridPoints":[{"canBuild":false,"isMonsterPoint":false,"hasItem":false,"itemID":0},{"canBuild":false,"isMonsterPoint":false,"hasItem":false,"itemID":0},{"canBuild":false,"isMonsterPoint":true,"hasItem":false,"itemID":0},{"canBuild":false,"isMonsterPoint":false,"hasItem":false,"itemID":0},{"canBuild":false,"isMonsterPoint":true,"hasItem":false,"itemID":0},{"canBuild":false,"isMonsterPoint":true,"hasItem":false,"itemID":0},{"canBuild":true,"isMonsterPoint":false,"hasItem":true,"itemID":7},{"canBuild":false,"isMonsterPoint":false,"hasItem":false,"itemID":0},{"canBuild":false,"isMonsterPoint":false,"hasItem":false,"itemID":0},{"canBuild":true,"isMonsterPoint":false,"hasItem":true,"itemID":4},{"canBuild":false,"isMonsterPoint":false,"hasItem":false,"itemID":0},{"canBuild":false,"isMonsterPoint":false,"hasItem":false,"itemID":0},{"canBuild":false,"isMonsterPoint":false,"hasItem":false,"itemID":0},{"canBuild":false,"isMonsterPoint":false,"hasItem":false,"itemID":0},{"canBuild":true,"isMonsterPoint":false,"hasItem":true,"itemID":6},{"canBuild":false,"isMonsterPoint":false,"hasItem":false,"itemID":0},{"canBuild":false,"isMonsterPoint":false,"hasItem":false,"itemID":0},{"canBuild":true,"isMonsterPoint":false,"hasItem":false,"itemID":0},{"canBuild":false,"isMonsterPoint":false,"hasItem":false,"itemID":0},{"canBuild":false,"isMonsterPoint":true,"hasItem":false,"itemID":0},{"canBuild":false,"isMonsterPoint":false,"hasItem":false,"itemID":0},{"canBuild":false,"isMonsterPoint":false,"hasItem":false,"itemID":0},{"canBuild":true,"isMonsterPoint":false,"hasItem":false,"itemID":0},{"canBuild":false,"isMonsterPoint":false,"hasItem":false,"itemID":0},{"canBuild":false,"isMonsterPoint":false,"hasItem":false,"itemID":0},{"canBuild":true,"isMonsterPoint":false,"hasItem":false,"itemID":0},{"canBuild":false,"isMonsterPoint":false,"hasItem":false,"itemID":0},{"canBuild":false,"isMonsterPoint":false,"hasItem":false,"itemID":0},{"canBuild":false,"isMonsterPoint":false,"hasItem":false,"itemID":0},{"canBuild":false,"isMonsterPoint":false,"hasItem":false,"itemID":0},{"canBuild":true,"isMonsterPoint":false,"hasItem":false,"itemID":0},{"canBuild":false,"isMonsterPoint":false,"hasItem":false,"itemID":0},{"canBuild":true,"isMonsterPoint":false,"hasItem":false,"itemID":0},{"canBuild":true,"isMonsterPoint":false,"hasItem":true,"itemID":2},{"canBuild":false,"isMonsterPoint":false,"hasItem":false,"itemID":0},{"canBuild":false,"isMonsterPoint":false,"hasItem":false,"itemID":0},{"canBuild":false,"isMonsterPoint":false,"hasItem":false,"itemID":0},{"canBuild":false,"isMonsterPoint":false,"hasItem":false,"itemID":0},{"canBuild":true,"isMonsterPoint":false,"hasItem":false,"itemID":0},{"canBuild":false,"isMonsterPoint":false,"hasItem":false,"itemID":0},{"canBuild":true,"isMonsterPoint":false,"hasItem":false,"itemID":0},{"canBuild":true,"isMonsterPoint":false,"hasItem":false,"itemID":0},{"canBuild":false,"isMonsterPoint":false,"hasItem":false,"itemID":0},{"canBuild":false,"isMonsterPoint":false,"hasItem":false,"itemID":0},{"canBuild":false,"isMonsterPoint":false,"hasItem":false,"itemID":0},{"canBuild":false,"isMonsterPoint":false,"hasItem":false,"itemID":0},{"canBuild":true,"isMonsterPoint":false,"hasItem":true,"itemID":9},{"canBuild":false,"isMonsterPoint":false,"hasItem":false,"itemID":0},{"canBuild":true,"isMonsterPoint":false,"hasItem":false,"itemID":0},{"canBuild":true,"isMonsterPoint":false,"hasItem":true,"itemID":1},{"canBuild":false,"isMonsterPoint":false,"hasItem":false,"itemID":0},{"canBuild":false,"isMonsterPoint":false,"hasItem":false,"itemID":0},{"canBuild":false,"isMonsterPoint":false,"hasItem":false,"itemID":0},{"canBuild":false,"isMonsterPoint":false,"hasItem":false,"itemID":0},{"canBuild":true,"isMonsterPoint":false,"hasItem":true,"itemID":6},{"canBuild":false,"isMonsterPoint":false,"hasItem":false,"itemID":0},{"canBuild":true,"isMonsterPoint":false,"hasItem":false,"itemID":0},{"canBuild":true,"isMonsterPoint":false,"hasItem":false,"itemID":0},{"canBuild":false,"isMonsterPoint":false,"hasItem":false,"itemID":0},{"canBuild":false,"isMonsterPoint":false,"hasItem":false,"itemID":0},{"canBuild":false,"isMonsterPoint":false,"hasItem":false,"itemID":0},{"canBuild":false,"isMonsterPoint":false,"hasItem":false,"itemID":0},{"canBuild":true,"isMonsterPoint":false,"hasItem":true,"itemID":5},{"canBuild":false,"isMonsterPoint":false,"hasItem":false,"itemID":0},{"canBuild":true,"isMonsterPoint":false,"hasItem":false,"itemID":0},{"canBuild":true,"isMonsterPoint":false,"hasItem":true,"itemID":4},{"canBuild":false,"isMonsterPoint":false,"hasItem":false,"itemID":0},{"canBuild":false,"isMonsterPoint":false,"hasItem":false,"itemID":0},{"canBuild":false,"isMonsterPoint":false,"hasItem":false,"itemID":0},{"canBuild":false,"isMonsterPoint":false,"hasItem":false,"itemID":0},{"canBuild":true,"isMonsterPoint":false,"hasItem":false,"itemID":0},{"canBuild":false,"isMonsterPoint":false,"hasItem":false,"itemID":0},{"canBuild":false,"isMonsterPoint":false,"hasItem":false,"itemID":0},{"canBuild":true,"isMonsterPoint":false,"hasItem":false,"itemID":0},{"canBuild":false,"isMonsterPoint":false,"hasItem":false,"itemID":0},{"canBuild":false,"isMonsterPoint":false,"hasItem":false,"itemID":0},{"canBuild":false,"isMonsterPoint":false,"hasItem":false,"itemID":0},{"canBuild":false,"isMonsterPoint":false,"hasItem":false,"itemID":0},{"canBuild":true,"isMonsterPoint":false,"hasItem":true,"itemID":9},{"canBuild":false,"isMonsterPoint":false,"hasItem":false,"itemID":0},{"canBuild":false,"isMonsterPoint":false,"hasItem":false,"itemID":0},{"canBuild":true,"isMonsterPoint":false,"hasItem":false,"itemID":0},{"canBuild":false,"isMonsterPoint":false,"hasItem":false,"itemID":0},{"canBuild":false,"isMonsterPoint":true,"hasItem":false,"itemID":0},{"canBuild":false,"isMonsterPoint":true,"hasItem":false,"itemID":0},{"canBuild":false,"isMonsterPoint":false,"hasItem":false,"itemID":0},{"canBuild":true,"isMonsterPoint":false,"hasItem":true,"itemID":8},{"canBuild":false,"isMonsterPoint":false,"hasItem":false,"itemID":0},{"canBuild":false,"isMonsterPoint":false,"hasItem":false,"itemID":0},{"canBuild":false,"isMonsterPoint":false,"hasItem":false,"itemID":0},{"canBuild":false,"isMonsterPoint":true,"hasItem":false,"itemID":0},{"canBuild":false,"isMonsterPoint":false,"hasItem":false,"itemID":0},{"canBuild":false,"isMonsterPoint":false,"hasItem":false,"itemID":0},{"canBuild":false,"isMonsterPoint":true,"hasItem":false,"itemID":0},{"canBuild":true,"isMonsterPoint":false,"hasItem":false,"itemID":0},{"canBuild":false,"isMonsterPoint":false,"hasItem":false,"itemID":0}],"monsterPathLength":8,"monsterPath":[{"xIndex":0,"yIndex":5},{"xIndex":11,"yIndex":5},{"xIndex":11,"yIndex":2},{"xIndex":0,"yIndex":2},{"xIndex":0,"yIndex":4},{"xIndex":10,"yIndex":4},{"xIndex":10,"yIndex":3},{"xIndex":2,"yIndex":3}],"totalRoundNum":10,
"roundInfo":[{"mMonsterIDList":[1,1,1,1,1],"monsterNum":5},
{"mMonsterIDList":[1,1,2,2,2,2,2,3,3],"monsterNum":9},
{"mMonsterIDList":[1,1,2,2,2,2,2,3,3,3,3],"monsterNum":11},
{"mMonsterIDList":[4,4,4,4,4,4,3,3,3,3,3,3],"monsterNum":12},
{"mMonsterIDList":[5,5,5,5,5,4,4,4,4,6],"monsterNum":10},
{"mMonsterIDList":[6,6,6,6,6,7,7,7,7,7],"monsterNum":10},
{"mMonsterIDList":[7,7,8,8,8,9,9,10,10],"monsterNum":9},
{"mMonsterIDList":[10,10,10,11,11,9,9,9,9,8,8,8,8],"monsterNum":13},
{"mMonsterIDList":[12,12,12],"monsterNum":3}]}