{"bigLevelID":2,"levelID":1,"gridPoints":[{"canBuild":false,"isMonsterPoint":false,"hasItem":false,"itemID":-1},{"canBuild":false,"isMonsterPoint":false,"hasItem":false,"itemID":-1},{"canBuild":true,"isMonsterPoint":false,"hasItem":false,"itemID":-1},{"canBuild":true,"isMonsterPoint":false,"hasItem":true,"itemID":8},{"canBuild":true,"isMonsterPoint":false,"hasItem":false,"itemID":-1},{"canBuild":true,"isMonsterPoint":false,"hasItem":false,"itemID":-1},{"canBuild":true,"isMonsterPoint":false,"hasItem":true,"itemID":3},{"canBuild":false,"isMonsterPoint":false,"hasItem":false,"itemID":-1},{"canBuild":false,"isMonsterPoint":false,"hasItem":false,"itemID":-1},{"canBuild":false,"isMonsterPoint":true,"hasItem":false,"itemID":-1},{"canBuild":false,"isMonsterPoint":false,"hasItem":false,"itemID":-1},{"canBuild":false,"isMonsterPoint":false,"hasItem":false,"itemID":-1},{"canBuild":false,"isMonsterPoint":false,"hasItem":false,"itemID":-1},{"canBuild":false,"isMonsterPoint":true,"hasItem":false,"itemID":-1},{"canBuild":true,"isMonsterPoint":false,"hasItem":false,"itemID":-1},{"canBuild":false,"isMonsterPoint":false,"hasItem":false,"itemID":-1},{"canBuild":false,"isMonsterPoint":false,"hasItem":false,"itemID":-1},{"canBuild":false,"isMonsterPoint":false,"hasItem":false,"itemID":-1},{"canBuild":true,"isMonsterPoint":false,"hasItem":false,"itemID":-1},{"canBuild":true,"isMonsterPoint":false,"hasItem":false,"itemID":-1},{"canBuild":true,"isMonsterPoint":false,"hasItem":true,"itemID":0},{"canBuild":false,"isMonsterPoint":false,"hasItem":false,"itemID":-1},{"canBuild":true,"isMonsterPoint":false,"hasItem":false,"itemID":-1},{"canBuild":false,"isMonsterPoint":false,"hasItem":false,"itemID":-1},{"canBuild":false,"isMonsterPoint":false,"hasItem":false,"itemID":-1},{"canBuild":false,"isMonsterPoint":false,"hasItem":false,"itemID":-1},{"canBuild":true,"isMonsterPoint":false,"hasItem":false,"itemID":-1},{"canBuild":true,"isMonsterPoint":false,"hasItem":false,"itemID":-1},{"canBuild":true,"isMonsterPoint":false,"hasItem":false,"itemID":-1},{"canBuild":false,"isMonsterPoint":false,"hasItem":false,"itemID":-1},{"canBuild":true,"isMonsterPoint":false,"hasItem":false,"itemID":-1},{"canBuild":false,"isMonsterPoint":false,"hasItem":false,"itemID":-1},{"canBuild":true,"isMonsterPoint":false,"hasItem":false,"itemID":-1},{"canBuild":false,"isMonsterPoint":true,"hasItem":false,"itemID":-1},{"canBuild":false,"isMonsterPoint":true,"hasItem":false,"itemID":-1},{"canBuild":true,"isMonsterPoint":false,"hasItem":false,"itemID":-1},{"canBuild":true,"isMonsterPoint":false,"hasItem":false,"itemID":-1},{"canBuild":false,"isMonsterPoint":false,"hasItem":false,"itemID":-1},{"canBuild":true,"isMonsterPoint":false,"hasItem":true,"itemID":7},{"canBuild":false,"isMonsterPoint":false,"hasItem":false,"itemID":-1},{"canBuild":true,"isMonsterPoint":false,"hasItem":false,"itemID":-1},{"canBuild":true,"isMonsterPoint":false,"hasItem":true,"itemID":1},{"canBuild":false,"isMonsterPoint":false,"hasItem":false,"itemID":-1},{"canBuild":true,"isMonsterPoint":false,"hasItem":false,"itemID":-1},{"canBuild":true,"isMonsterPoint":false,"hasItem":true,"itemID":9},{"canBuild":false,"isMonsterPoint":false,"hasItem":false,"itemID":-1},{"canBuild":true,"isMonsterPoint":false,"hasItem":false,"itemID":-1},{"canBuild":false,"isMonsterPoint":false,"hasItem":false,"itemID":-1},{"canBuild":true,"isMonsterPoint":false,"hasItem":false,"itemID":-1},{"canBuild":true,"isMonsterPoint":false,"hasItem":false,"itemID":-1},{"canBuild":false,"isMonsterPoint":false,"hasItem":false,"itemID":-1},{"canBuild":true,"isMonsterPoint":false,"hasItem":true,"itemID":6},{"canBuild":false,"isMonsterPoint":true,"hasItem":false,"itemID":-1},{"canBuild":false,"isMonsterPoint":true,"hasItem":false,"itemID":-1},{"canBuild":true,"isMonsterPoint":false,"hasItem":false,"itemID":-1},{"canBuild":false,"isMonsterPoint":false,"hasItem":false,"itemID":-1},{"canBuild":true,"isMonsterPoint":false,"hasItem":false,"itemID":-1},{"canBuild":true,"isMonsterPoint":false,"hasItem":false,"itemID":-1},{"canBuild":false,"isMonsterPoint":false,"hasItem":false,"itemID":-1},{"canBuild":true,"isMonsterPoint":false,"hasItem":false,"itemID":-1},{"canBuild":false,"isMonsterPoint":false,"hasItem":false,"itemID":-1},{"canBuild":true,"isMonsterPoint":false,"hasItem":false,"itemID":-1},{"canBuild":true,"isMonsterPoint":false,"hasItem":true,"itemID":0},{"canBuild":false,"isMonsterPoint":false,"hasItem":false,"itemID":-1},{"canBuild":false,"isMonsterPoint":false,"hasItem":false,"itemID":-1},{"canBuild":true,"isMonsterPoint":false,"hasItem":true,"itemID":7},{"canBuild":false,"isMonsterPoint":false,"hasItem":false,"itemID":-1},{"canBuild":true,"isMonsterPoint":false,"hasItem":true,"itemID":5},{"canBuild":false,"isMonsterPoint":false,"hasItem":false,"itemID":-1},{"canBuild":true,"isMonsterPoint":false,"hasItem":false,"itemID":-1},{"canBuild":true,"isMonsterPoint":false,"hasItem":false,"itemID":-1},{"canBuild":false,"isMonsterPoint":false,"hasItem":false,"itemID":-1},{"canBuild":false,"isMonsterPoint":false,"hasItem":false,"itemID":-1},{"canBuild":true,"isMonsterPoint":false,"hasItem":false,"itemID":-1},{"canBuild":false,"isMonsterPoint":true,"hasItem":false,"itemID":-1},{"canBuild":true,"isMonsterPoint":false,"hasItem":false,"itemID":-1},{"canBuild":false,"isMonsterPoint":true,"hasItem":false,"itemID":-1},{"canBuild":false,"isMonsterPoint":true,"hasItem":false,"itemID":-1},{"canBuild":true,"isMonsterPoint":false,"hasItem":false,"itemID":-1},{"canBuild":false,"isMonsterPoint":false,"hasItem":false,"itemID":-1},{"canBuild":false,"isMonsterPoint":false,"hasItem":false,"itemID":-1},{"canBuild":true,"isMonsterPoint":false,"hasItem":true,"itemID":4},{"canBuild":true,"isMonsterPoint":false,"hasItem":false,"itemID":-1},{"canBuild":true,"isMonsterPoint":false,"hasItem":false,"itemID":-1},{"canBuild":true,"isMonsterPoint":false,"hasItem":true,"itemID":2},{"canBuild":false,"isMonsterPoint":true,"hasItem":false,"itemID":-1},{"canBuild":true,"isMonsterPoint":false,"hasItem":true,"itemID":3},{"canBuild":false,"isMonsterPoint":false,"hasItem":false,"itemID":-1},{"canBuild":false,"isMonsterPoint":false,"hasItem":false,"itemID":-1},{"canBuild":true,"isMonsterPoint":false,"hasItem":false,"itemID":-1},{"canBuild":true,"isMonsterPoint":false,"hasItem":false,"itemID":-1},{"canBuild":true,"isMonsterPoint":false,"hasItem":false,"itemID":-1},{"canBuild":true,"isMonsterPoint":false,"hasItem":false,"itemID":-1},{"canBuild":true,"isMonsterPoint":false,"hasItem":false,"itemID":-1},{"canBuild":true,"isMonsterPoint":false,"hasItem":false,"itemID":-1},{"canBuild":false,"isMonsterPoint":false,"hasItem":false,"itemID":-1}],"monsterPathLength":10,"monsterPath":[{"xIndex":10,"yIndex":5},{"xIndex":9,"yIndex":5},{"xIndex":9,"yIndex":4},{"xIndex":6,"yIndex":4},{"xIndex":6,"yIndex":5},{"xIndex":1,"yIndex":5},{"xIndex":1,"yIndex":1},{"xIndex":4,"yIndex":1},{"xIndex":4,"yIndex":2},{"xIndex":9,"yIndex":2}],"totalRoundNum":10,
"roundInfo":[{"mMonsterIDList":[1,1,1,1,1],"monsterNum":5},
{"mMonsterIDList":[1,1,2,2,2,2,2,3,3],"monsterNum":9},
{"mMonsterIDList":[1,1,2,2,2,2,2,3,3,3,3],"monsterNum":11},
{"mMonsterIDList":[4,4,4,4,4,4,3,3,3,3,3,3],"monsterNum":12},
{"mMonsterIDList":[5,5,5,5,5,4,4,4,4,6],"monsterNum":10},
{"mMonsterIDList":[6,6,6,6,6,7,7,7,7,7],"monsterNum":10},
{"mMonsterIDList":[7,7,8,8,8,9,9,10,10],"monsterNum":9},
{"mMonsterIDList":[12,12,12],"monsterNum":3}]}