{
	"adventrueModelNum": 12,
	"burriedLevelNum": 3,
	"bossModelNum": 0,
	"coin": 999,
	"killMonsterNum": 999,
	"killBossNum": 0,
	"clearItemNum": 999,
	"unLockedNormalModelBigLevelList": [true, true, true],
	"unLockedNormalModelLevelList": [{
		"mTowerIDList": [1],
		"mTowerIDListLength": 1,
		"mAllClear": false,
		"mCarrotState": 0,
		"mLevelID": 1,
		"mBigLevelID": 1,
		"unLocked": true,
		"mIsRewardLevel": false,
		"mTotalRound": 10
	}, {
		"mTowerIDList": [2],
		"mTowerIDListLength": 1,
		"mAllClear": false,
		"mCarrotState": 0,
		"mLevelID": 2,
		"mBigLevelID": 1,
		"unLocked": true,
		"mIsRewardLevel": false,
		"mTotalRound": 9
	}, {
		"mTowerIDList": [1, 2],
		"mTowerIDListLength": 2,
		"mAllClear": false,
		"mCarrotState": 0,
		"mLevelID": 3,
		"mBigLevelID": 1,
		"unLocked": true,
		"mIsRewardLevel": false,
		"mTotalRound": 8
	}, {
		"mTowerIDList": [3],
		"mTowerIDListLength": 1,
		"mAllClear": false,
		"mCarrotState": 0,
		"mLevelID": 4,
		"mBigLevelID": 1,
		"unLocked": true,
		"mIsRewardLevel": false,
		"mTotalRound": 10
	}, {
		"mTowerIDList": [1, 2, 3],
		"mTowerIDListLength": 3,
		"mAllClear": false,
		"mCarrotState": 0,
		"mLevelID": 5,
		"mBigLevelID": 1,
		"unLocked": false,
		"mIsRewardLevel": true,
		"mTotalRound": 9
	}, {
		"mTowerIDList": [2, 3],
		"mTowerIDListLength": 2,
		"mAllClear": false,
		"mCarrotState": 0,
		"mLevelID": 1,
		"mBigLevelID": 2,
		"unLocked": true,
		"mIsRewardLevel": false,
		"mTotalRound": 8
	}, {
		"mTowerIDList": [1, 3],
		"mTowerIDListLength": 2,
		"mAllClear": false,
		"mCarrotState": 0,
		"mLevelID": 2,
		"mBigLevelID": 2,
		"unLocked": true,
		"mIsRewardLevel": false,
		"mTotalRound": 10
	}, {
		"mTowerIDList": [4],
		"mTowerIDListLength": 1,
		"mAllClear": false,
		"mCarrotState": 0,
		"mLevelID": 3,
		"mBigLevelID": 2,
		"unLocked": true,
		"mIsRewardLevel": false,
		"mTotalRound": 9
	}, {
		"mTowerIDList": [1, 4],
		"mTowerIDListLength": 2,
		"mAllClear": false,
		"mCarrotState": 0,
		"mLevelID": 4,
		"mBigLevelID": 2,
		"unLocked": true,
		"mIsRewardLevel": false,
		"mTotalRound": 8
	}, {
		"mTowerIDList": [2, 4],
		"mTowerIDListLength": 2,
		"mAllClear": false,
		"mCarrotState": 0,
		"mLevelID": 5,
		"mBigLevelID": 2,
		"unLocked": false,
		"mIsRewardLevel": true,
		"mTotalRound": 10
	}, {
		"mTowerIDList": [3, 4],
		"mTowerIDListLength": 2,
		"mAllClear": false,
		"mCarrotState": 0,
		"mLevelID": 1,
		"mBigLevelID": 3,
		"unLocked": true,
		"mIsRewardLevel": false,
		"mTotalRound": 9
	}, {
		"mTowerIDList": [5],
		"mTowerIDListLength": 1,
		"mAllClear": false,
		"mCarrotState": 0,
		"mLevelID": 2,
		"mBigLevelID": 3,
		"unLocked": true,
		"mIsRewardLevel": false,
		"mTotalRound": 8
	}, {
		"mTowerIDList": [4, 5],
		"mTowerIDListLength": 2,
		"mAllClear": false,
		"mCarrotState": 0,
		"mLevelID": 3,
		"mBigLevelID": 3,
		"unLocked": true,
		"mIsRewardLevel": false,
		"mTotalRound": 7
	}, {
		"mTowerIDList": [1, 3, 5],
		"mTowerIDListLength": 3,
		"mAllClear": false,
		"mCarrotState": 0,
		"mLevelID": 4,
		"mBigLevelID": 3,
		"unLocked": true,
		"mIsRewardLevel": false,
		"mTotalRound": 10
	}, {
		"mTowerIDList": [1, 4, 5],
		"mTowerIDListLength": 3,
		"mAllClear": false,
		"mCarrotState": 0,
		"mLevelID": 5,
		"mBigLevelID": 3,
		"unLocked": false,
		"mIsRewardLevel": true,
		"mTotalRound": 10
	}],
	"unLockedeNormalModelLevelNum": [4, 4, 4],
	"cookies": 1000,
	"milk": 1000,
	"nest": 10,
	"diamands": 1000,
	"monsterPetDataList": [{
		"monsterLevel": 1,
		"remainCookies": 0,
		"remainMilk": 0,
		"monsterID": 1
	}, {
		"monsterLevel": 1,
		"remainCookies": 0,
		"remainMilk": 0,
		"monsterID": 2
	}, {
		"monsterLevel": 1,
		"remainCookies": 0,
		"remainMilk": 0,
		"monsterID": 3
	}]
}